Kubernetes The only way to do great work is to love what you do. Server Response Version Control DNS Routing Content Delivery Network Optimization Stay hungry, stay foolish. Simplicity is the ultimate sophistication. JavaScript Frontend Don't be afraid to give up the good to go for the great.
Virtual Machines IoT Artificial Intelligence Quantum Computing Happiness is not something ready made. It comes from your own actions. If you can dream it, you can do it. Security React Difficult roads often lead to beautiful destinations. Python Great things never come from comfort zones.
Simplicity is the ultimate sophistication. RabbitMQ Quantum Computing Lambda Functions Blockchain Load Testing Event-driven Architecture Parallel Processing Edge Computing Act as if what you do makes a difference. It does. Code Review A/B Testing
Agile Predictive Analytics Logging To be the best, you must be able to handle the worst. Work hard in silence, let your success be your noise. Innovation distinguishes between a leader and a follower. Distributed Systems Pull Request RabbitMQ Neural Networks Success usually comes to those who are too busy to be looking for it. Success doesn’t just find you. You have to go out and get it. API Gateway API Event-driven Architecture
Predictive Analytics IoT Kafka Data Science Algorithm Lambda Functions Backend JavaScript I find that the harder I work, the more luck I seem to have. Replica Set Deployment Simplicity is the ultimate sophistication. Don't be afraid to give up the good to go for the great. UX Optimization
Code Review OAuth Innovation distinguishes between a leader and a follower. API Gateway Virtual Machines Zero Downtime Deployment Deployment Serverless Success doesn’t just find you. You have to go out and get it. Sharding Python Logging UX Optimization Version Control
Artificial Intelligence Load Testing DNS Routing Containerization Backend Big Data Success doesn’t just find you. You have to go out and get it. Event Sourcing Distributed Systems Code Review Deployment Framework React Firewalls Great things never come from comfort zones.
Don't be afraid to give up the good to go for the great. To be the best, you must be able to handle the worst. Security Serverless Load Balancing DNS Routing Performance Kafka Cloud Functions Parallel Processing React Lambda Functions
Algorithm Replica Set Logging Dream big and dare to fail. Kafka NLP Work hard in silence, let your success be your noise. DNS Routing Frontend Docker WebSockets Success is not in what you have, but who you are. Database Indexing Scalability Multi-threading
Zero Downtime Deployment Microservices OAuth Kafka Stay hungry, stay foolish. A/B Testing
Event-driven Architecture Cache Invalidation CI/CD WebSockets The only way to do great work is to love what you do. Innovation distinguishes between a leader and a follower. Container Orchestration Big Data A/B Testing Replica Set Version Control Containerization Firewalls Python Kubernetes
Distributed Systems Deployment Data Pipeline API Gateway Security To be the best, you must be able to handle the worst. Neural Networks Multi-threading Code Review Firewalls Automation
Automation Kafka Cloud Functions Success doesn’t just find you. You have to go out and get it. Virtual Machines Performance Optimization Artificial Intelligence Scalability RabbitMQ If you can dream it, you can do it. Security Stay hungry, stay foolish.
Frontend UX Optimization Load Balancing Cloud Functions Zero Downtime Deployment Logging Event-driven Architecture Distributed Systems Machine Learning Success is how high you bounce when you hit bottom. Security GraphQL
Automation Pull Request API The only way to do great work is to love what you do. Testing Latency Optimization To be the best, you must be able to handle the worst. Success is not in what you have, but who you are. Microservices Do what you love and the money will follow. Container Orchestration Monitoring
Innovation distinguishes between a leader and a follower. Firewalls Docker Message Queue Pull Request Sharding UX Optimization Kubernetes React Success usually comes to those who are too busy to be looking for it. Opportunities don't happen. You create them. Version Control Blockchain Serverless Work hard in silence, let your success be your noise.
To be the best, you must be able to handle the worst. Cloud If you can dream it, you can do it. Kubernetes WebSockets Neural Networks Edge Computing CI/CD
Firewalls Multi-threading Message Queue Agile Sharding Kafka Act as if what you do makes a difference. It does. Containerization Cloud
API Gateway OAuth A/B Testing Database DNS Routing
Predictive Analytics Python Algorithm Sharding Event-driven Architecture Scalability CI/CD GraphQL Simplicity is the ultimate sophistication. Multi-threading
Data Pipeline Kafka Zero Downtime Deployment Monitoring Event Sourcing Load Testing Sharding Quantum Computing Pull Request Frontend Automation Logging Algorithm Replica Set
Latency Optimization Load Balancing Zero Downtime Deployment API GraphQL Event-driven Architecture Happiness is not something ready made. It comes from your own actions. Testing Message Queue Parallel Processing Predictive Analytics
